Workbook

Sheet 1_Raw_Data
A1: Flight_ID | B1: PNR | C1: Passenger_Name | D1: Airline | E1: From | F1: To | G1: Flight_Date | H1: Seat_Class | I1: Ticket_Price | J1: Status
A2: FL001 | B2: PNR0001 | C2: Passenger 1 | D2: IndiGo | E2: Delhi | F2: Mumbai | G2: 46027 | H2: Economy | I2: 4200 | J2: Confirmed
A3: FL002 | B3: PNR0002 | C3: Passenger 2 | D3: Air India | E3: Mumbai | F3: Delhi | G3: 46028 | H3: Economy | I3: 8500 | J3: Confirmed
A4: FL003 | B4: PNR0003 | C4: Passenger 3 | D4: Vistara | E4: Delhi | F4: Bengaluru | G4: 46029 | H4: Economy | I4: 9800 | J4: Confirmed
A5: FL004 | B5: PNR0004 | C5: Passenger 4 | D5: SpiceJet | E5: Bengaluru | F5: Delhi | G5: 46030 | H5: Business | I5: 10700 | J5: Cancelled
A6: FL005 | B6: PNR0005 | C6: Passenger 5 | D6: Akasa Air | E6: Mumbai | F6: Kolkata | G6: 46031 | H6: Economy | I6: 5800 | J6: Confirmed
A7: FL006 | B7: PNR0006 | C7: Passenger 6 | D7: IndiGo | E7: Kolkata | F7: Mumbai | G7: 46032 | H7: Economy | I7: 9800 | J7: Confirmed
A8: FL007 | B8: PNR0007 | C8: Passenger 7 | D8: Air India | E8: Delhi | F8: Hyderabad | G8: 46033 | H8: Economy | I8: 9800 | J8: Confirmed
A9: FL008 | B9: PNR0008 | C9: Passenger 8 | D9: Vistara | E9: Hyderabad | F9: Delhi | G9: 46034 | H9: Business | I9: 13000 | J9: Cancelled
A10: FL009 | B10: PNR0009 | C10: Passenger 9 | D10: SpiceJet | E10: Mumbai | F10: Bengaluru | G10: 46035 | H10: Economy | I10: 5200 | J10: Confirmed
A11: FL010 | B11: PNR0010 | C11: Passenger 10 | D11: Akasa Air | E11: Bengaluru | F11: Mumbai | G11: 46036 | H11: Economy | I11: 4200 | J11: Confirmed
A12: FL011 | B12: PNR0011 | C12: Passenger 11 | D12: IndiGo | E12: Delhi | F12: Mumbai | G12: 46037 | H12: Economy | I12: 9800 | J12: Confirmed
A13: FL012 | B13: PNR0012 | C13: Passenger 12 | D13: Air India | E13: Mumbai | F13: Delhi | G13: 46038 | H13: Business | I13: 13700 | J13: Cancelled
... A21: FL020 | B21: PNR0020 | C21: Passenger 20 | D21: Akasa Air | E21: Bengaluru | F21: Mumbai | G21: 46046 | H21: Business | I21: 15000 | J21: Cancelled

Sheet 2_Analysis
A1: AIRLINE PROJECT ANALYSIS
A3: Total Bookings | B3: =COUNTA('1_Raw_Data'!B2:B21) -> 20
A4: Confirmed Bookings | B4: =COUNTIF('1_Raw_Data'!J2:J21,"Confirmed") -> 15
A5: Cancelled Bookings | B5: =COUNTIF('1_Raw_Data'!J2:J21,"Cancelled") -> 5
A6: Total Revenue | B6: =SUMIF('1_Raw_Data'!J2:J21,"Confirmed",'1_Raw_Data'!I2:I21) -> 105800
A7: Average Ticket Price | B7: =AVERAGE('1_Raw_Data'!I2:I21) -> 8445
A10: Airline | B10: Bookings | C10: Confirmed | D10: Revenue | F10: Route | G10: Bookings | H10: Revenue
A11: IndiGo | B11: =COUNTIF('1_Raw_Data'!D2:D21,A11) -> 4 | C11: =COUNTIFS('1_Raw_Data'!D2:D21,A11,'1_Raw_Data'!J2:J21,"Confirmed") -> 3 | D11: =SUMIFS('1_Raw_Data'!I2:I21,'1_Raw_Data'!D2:D21,A11,'1_Raw_Data'!J2:J21,"Confirmed") -> 23800 | F11: Bengaluru → Delhi | G11: =COUNTIFS('1_Raw_Data'!E2:E21,"Bengaluru",'1_Raw_Data'!F2:F21,"Delhi") -> 2 | H11: =SUMIFS('1_Raw_Data'!I2:I21,'1_Raw_Data'!E2:E21,"Bengaluru",'1_Raw_Data'!F2:F21,"Delhi",'1_Raw_Data'!J2:J21,"Confirmed") -> 5800
A12: Air India | B12: =COUNTIF('1_Raw_Data'!D2:D21,A12) -> 4 | C12: =COUNTIFS('1_Raw_Data'!D2:D21,A12,'1_Raw_Data'!J2:J21,"Confirmed") -> 3 | D12: =SUMIFS('1_Raw_Data'!I2:I21,'1_Raw_Data'!D2:D21,A12,'1_Raw_Data'!J2:J21,"Confirmed") -> 26800 | F12: Bengaluru → Mumbai | G12: =COUNTIFS('1_Raw_Data'!E2:E21,"Bengaluru",'1_Raw_Data'!F2:F21,"Mumbai") -> 2 | H12: =SUMIFS('1_Raw_Data'!I2:I21,'1_Raw_Data'!E2:E21,"Bengaluru",'1_Raw_Data'!F2:F21,"Mumbai",'1_Raw_Data'!J2:J21,"Confirmed") -> 4200
A13: Vistara | B13: =COUNTIF('1_Raw_Data'!D2:D21,A13) -> 4 | C13: =COUNTIFS('1_Raw_Data'!D2:D21,A13,'1_Raw_Data'!J2:J21,"Confirmed") -> 3 | D13: =SUMIFS('1_Raw_Data'!I2:I21,'1_Raw_Data'!D2:D21,A13,'1_Raw_Data'!J2:J21,"Confirmed") -> 19800 | F13: Delhi → Bengaluru | G13: =COUNTIFS('1_Raw_Data'!E2:E21,"Delhi",'1_Raw_Data'!F2:F21,"Bengaluru") -> 2 | H13: =SUMIFS('1_Raw_Data'!I2:I21,'1_Raw_Data'!E2:E21,"Delhi",'1_Raw_Data'!F2:F21,"Bengaluru",'1_Raw_Data'!J2:J21,"Confirmed") -> 14600
A14: SpiceJet | B14: =COUNTIF('1_Raw_Data'!D2:D21,A14) -> 4 | C14: =COUNTIFS('1_Raw_Data'!D2:D21,A14,'1_Raw_Data'!J2:J21,"Confirmed") -> 3 | D14: =SUMIFS('1_Raw_Data'!I2:I21,'1_Raw_Data'!D2:D21,A14,'1_Raw_Data'!J2:J21,"Confirmed") -> 18200 | F14: Delhi → Hyderabad | G14: =COUNTIFS('1_Raw_Data'!E2:E21,"Delhi",'1_Raw_Data'!F2:F21,"Hyderabad") -> 2 | H14: =SUMIFS('1_Raw_Data'!I2:I21,'1_Raw_Data'!E2:E21,"Delhi",'1_Raw_Data'!F2:F21,"Hyderabad",'1_Raw_Data'!J2:J21,"Confirmed") -> 18300
A15: Akasa Air | B15: =COUNTIF('1_Raw_Data'!D2:D21,A15) -> 4 | C15: =COUNTIFS('1_Raw_Data'!D2:D21,A15,'1_Raw_Data'!J2:J21,"Confirmed") -> 3 | D15: =SUMIFS('1_Raw_Data'!I2:I21,'1_Raw_Data'!D2:D21,A15,'1_Raw_Data'!J2:J21,"Confirmed") -> 17200 | F15: Delhi → Mumbai | G15: =COUNTIFS('1_Raw_Data'!E2:E21,"Delhi",'1_Raw_Data'!F2:F21,"Mumbai") -> 2 | H15: =SUMIFS('1_Raw_Data'!I2:I21,'1_Raw_Data'!E2:E21,"Delhi",'1_Raw_Data'!F2:F21,"Mumbai",'1_Raw_Data'!J2:J21,"Confirmed") -> 14000
F16: Hyderabad → Delhi | G16: =COUNTIFS('1_Raw_Data'!E2:E21,"Hyderabad",'1_Raw_Data'!F2:F21,"Delhi") -> 2 | H16: =SUMIFS('1_Raw_Data'!I2:I21,'1_Raw_Data'!E2:E21,"Hyderabad",'1_Raw_Data'!F2:F21,"Delhi",'1_Raw_Data'!J2:J21,"Confirmed") -> 5200
F17: Kolkata → Mumbai | G17: =COUNTIFS('1_Raw_Data'!E2:E21,"Kolkata",'1_Raw_Data'!F2:F21,"Mumbai") -> 2 | H17: =SUMIFS('1_Raw_Data'!I2:I21,'1_Raw_Data'!E2:E21,"Kolkata",'1_Raw_Data'!F2:F21,"Mumbai",'1_Raw_Data'!J2:J21,"Confirmed") -> 9800
F18: Mumbai → Bengaluru | G18: =COUNTIFS('1_Raw_Data'!E2:E21,"Mumbai",'1_Raw_Data'!F2:F21,"Bengaluru") -> 2 | H18: =SUMIFS('1_Raw_Data'!I2:I21,'1_Raw_Data'!E2:E21,"Mumbai",'1_Raw_Data'!F2:F21,"Bengaluru",'1_Raw_Data'!J2:J21,"Confirmed") -> 12400
F19: Mumbai → Delhi | G19: =COUNTIFS('1_Raw_Data'!E2:E21,"Mumbai",'1_Raw_Data'!F2:F21,"Delhi") -> 2 | H19: =SUMIFS('1_Raw_Data'!I2:I21,'1_Raw_Data'!E2:E21,"Mumbai",'1_Raw_Data'!F2:F21,"Delhi",'1_Raw_Data'!J2:J21,"Confirmed") -> 8500
F20: Mumbai → Kolkata | G20: =COUNTIFS('1_Raw_Data'!E2:E21,"Mumbai",'1_Raw_Data'!F2:F21,"Kolkata") -> 2 | H20: =SUMIFS('1_Raw_Data'!I2:I21,'1_Raw_Data'!E2:E21,"Mumbai",'1_Raw_Data'!F2:F21,"Kolkata",'1_Raw_Data'!J2:J21,"Confirmed") -> 13000

Sheet 3_Summary
A1: DASHBOARD SUPPORT SUMMARY
A3: Status | B3: Bookings | D3: Seat Class | E3: Bookings | F3: Revenue
A4: Confirmed | B4: =COUNTIF('1_Raw_Data'!J2:J21,A4) -> 15 | D4: Economy | E4: =COUNTIF('1_Raw_Data'!H2:H21,D4) -> 15 | F4: =SUMIFS('1_Raw_Data'!I2:I21,'1_Raw_Data'!H2:H21,D4,'1_Raw_Data'!J2:J21,"Confirmed") -> 105800
A5: Cancelled | B5: =COUNTIF('1_Raw_Data'!J2:J21,A5) -> 5 | D5: Business | E5: =COUNTIF('1_Raw_Data'!H2:H21,D5) -> 5 | F5: =SUMIFS('1_Raw_Data'!I2:I21,'1_Raw_Data'!H2:H21,D5,'1_Raw_Data'!J2:J21,"Confirmed") -> 0
A9: Flight Date | B9: Bookings | C9: Revenue
A10: 46027 | B10: =COUNTIF('1_Raw_Data'!G2:G21,A10) -> 1 | C10: =SUMIFS('1_Raw_Data'!I2:I21,'1_Raw_Data'!G2:G21,A10,'1_Raw_Data'!J2:J21,"Confirmed") -> 4200
A11: 46028 | B11: =COUNTIF('1_Raw_Data'!G2:G21,A11) -> 1 | C11: =SUMIFS('1_Raw_Data'!I2:I21,'1_Raw_Data'!G2:G21,A11,'1_Raw_Data'!J2:J21,"Confirmed") -> 8500
A12: 46029 | B12: =COUNTIF('1_Raw_Data'!G2:G21,A12) -> 1 | C12: =SUMIFS('1_Raw_Data'!I2:I21,'1_Raw_Data'!G2:G21,A12,'1_Raw_Data'!J2:J21,"Confirmed") -> 9800
A13: 46030 | B13: =COUNTIF('1_Raw_Data'!G2:G21,A13) -> 1 | C13: =SUMIFS('1_Raw_Data'!I2:I21,'1_Raw_Data'!G2:G21,A13,'1_Raw_Data'!J2:J21,"Confirmed") -> 0
A14: 46031 | B14: =COUNTIF('1_Raw_Data'!G2:G21,A14) -> 1 | C14: =SUMIFS('1_Raw_Data'!I2:I21,'1_Raw_Data'!G2:G21,A14,'1_Raw_Data'!J2:J21,"Confirmed") -> 5800
A15: 46032 | B15: =COUNTIF('1_Raw_Data'!G2:G21,A15) -> 1 | C15: =SUMIFS('1_Raw_Data'!I2:I21,'1_Raw_Data'!G2:G21,A15,'1_Raw_Data'!J2:J21,"Confirmed") -> 9800
A16: 46033 | B16: =COUNTIF('1_Raw_Data'!G2:G21,A16) -> 1 | C16: =SUMIFS('1_Raw_Data'!I2:I21,'1_Raw_Data'!G2:G21,A16,'1_Raw_Data'!J2:J21,"Confirmed") -> 9800
A17: 46034 | B17: =COUNTIF('1_Raw_Data'!G2:G21,A17) -> 1 | C17: =SUMIFS('1_Raw_Data'!I2:I21,'1_Raw_Data'!G2:G21,A17,'1_Raw_Data'!J2:J21,"Confirmed") -> 0
A18: 46035 | B18: =COUNTIF('1_Raw_Data'!G2:G21,A18) -> 1 | C18: =SUMIFS('1_Raw_Data'!I2:I21,'1_Raw_Data'!G2:G21,A18,'1_Raw_Data'!J2:J21,"Confirmed") -> 5200
A19: 46036 | B19: =COUNTIF('1_Raw_Data'!G2:G21,A19) -> 1 | C19: =SUMIFS('1_Raw_Data'!I2:I21,'1_Raw_Data'!G2:G21,A19,'1_Raw_Data'!J2:J21,"Confirmed") -> 4200
A20: 46037 | B20: =COUNTIF('1_Raw_Data'!G2:G21,A20) -> 1 | C20: =SUMIFS('1_Raw_Data'!I2:I21,'1_Raw_Data'!G2:G21,A20,'1_Raw_Data'!J2:J21,"Confirmed") -> 9800
A21: 46038 | B21: =COUNTIF('1_Raw_Data'!G2:G21,A21) -> 1 | C21: =SUMIFS('1_Raw_Data'!I2:I21,'1_Raw_Data'!G2:G21,A21,'1_Raw_Data'!J2:J21,"Confirmed") -> 0
A22: 46039 | B22: =COUNTIF('1_Raw_Data'!G2:G21,A22) -> 1 | C22: =SUMIFS('1_Raw_Data'!I2:I21,'1_Raw_Data'!G2:G21,A22,'1_Raw_Data'!J2:J21,"Confirmed") -> 4800
A23: 46040 | B23: =COUNTIF('1_Raw_Data'!G2:G21,A23) -> 1 | C23: =SUMIFS('1_Raw_Data'!I2:I21,'1_Raw_Data'!G2:G21,A23,'1_Raw_Data'!J2:J21,"Confirmed") -> 5800
A24: 46041 | B24: =COUNTIF('1_Raw_Data'!G2:G21,A24) -> 1 | C24: =SUMIFS('1_Raw_Data'!I2:I21,'1_Raw_Data'!G2:G21,A24,'1_Raw_Data'!J2:J21,"Confirmed") -> 7200
A25: 46042 | B25: =COUNTIF('1_Raw_Data'!G2:G21,A25) -> 1 | C25: =SUMIFS('1_Raw_Data'!I2:I21,'1_Raw_Data'!G2:G21,A25,'1_Raw_Data'!J2:J21,"Confirmed") -> 0
A26: 46043 | B26: =COUNTIF('1_Raw_Data'!G2:G21,A26) -> 1 | C26: =SUMIFS('1_Raw_Data'!I2:I21,'1_Raw_Data'!G2:G21,A26,'1_Raw_Data'!J2:J21,"Confirmed") -> 8500
A27: 46044 | B27: =COUNTIF('1_Raw_Data'!G2:G21,A27) -> 1 | C27: =SUMIFS('1_Raw_Data'!I2:I21,'1_Raw_Data'!G2:G21,A27,'1_Raw_Data'!J2:J21,"Confirmed") -> 5200
A28: 46045 | B28: =COUNTIF('1_Raw_Data'!G2:G21,A28) -> 1 | C28: =SUMIFS('1_Raw_Data'!I2:I21,'1_Raw_Data'!G2:G21,A28,'1_Raw_Data'!J2:J21,"Confirmed") -> 7200
A29: 46046 | B29: =COUNTIF('1_Raw_Data'!G2:G21,A29) -> 1 | C29: =SUMIFS('1_Raw_Data'!I2:I21,'1_Raw_Data'!G2:G21,A29,'1_Raw_Data'!J2:J21,"Confirmed") -> 0

Sheet 4_Dashboard
B2: ✈ AIRLINE RESERVATION DASHBOARD
B3: Excel Dashboard | MySQL Airline Project
B5: Total Bookings | E5: Confirmed | H5: Cancelled | K5: Revenue
B6: =COUNTA('1_Raw_Data'!B2:B21) -> 20 | E6: =COUNTIF('1_Raw_Data'!J2:J21,"Confirmed") -> 15 | H6: =COUNTIF('1_Raw_Data'!J2:J21,"Cancelled") -> 5 | K6: =SUMIF('1_Raw_Data'!J2:J21,"Confirmed",'1_Raw_Data'!I2:I21) -> 105800
B44: Tip: Raw data ko update karoge to formulas/charts refresh karne ke liye Excel me Recalculate (F9) kar sakte ho.
